post_id,post_length,score,total_reactions,num_comments,sentiment,created_date
10bohti,0,1940,1940,92,0.0,2023-01-14
11w1wqk,0,756,756,63,-0.4,2023-03-19
11fzazo,0,756,756,49,0.0,2023-03-02
10gwean,0,658,658,81,0.0,2023-01-20
11t3a63,0,564,564,72,0.17045454545454544,2023-03-16
115sons,0,537,537,82,-0.012499999999999997,2023-02-18
10w50zs,0,515,515,20,0.0,2023-02-07
11abcm4,197,497,497,147,0.23764430014430019,2023-02-23
11hvyp2,0,430,430,49,0.41818181818181815,2023-03-04
11u1r3w,0,395,395,309,0.13636363636363635,2023-03-17
11fz4wp,119,370,370,70,0.06967329545454544,2023-03-02
10z4a86,0,360,360,18,0.0,2023-02-10
100jgcl,0,346,346,36,0.0,2023-01-01
10pqcfq,0,319,319,86,0.0,2023-01-31
11wk9x8,89,317,317,155,-0.12375,2023-03-20
118vgan,0,283,283,53,0.0,2023-02-22
11cyejn,32,258,258,146,-0.35000000000000003,2023-02-27
10jxd21,0,246,246,176,0.0,2023-01-24
11zsj5c,38,237,237,59,0.21666666666666667,2023-03-23
10r70oh,0,230,230,59,0.0,2023-02-01
10yrkdj,0,222,222,27,0.2857142857142857,2023-02-10
11yf3pf,0,214,214,79,0.0,2023-03-22
11ocrpu,0,213,213,83,0.0,2023-03-11
112bujy,86,190,190,141,0.29204545454545455,2023-02-14
11m5hdi,0,186,186,48,0.0,2023-03-08
125oj4m,0,180,180,46,0.042857142857142864,2023-03-29
11ncwn2,20,177,177,106,0.2111111111111111,2023-03-10
10uf6vf,127,177,177,132,-0.06515741833923651,2023-02-05
121gbxx,245,178,178,25,0.22708333333333336,2023-03-25
10f8et8,0,174,174,17,-0.4,2023-01-18
11jgebx,0,171,171,18,0.0,2023-03-05
11847x5,198,163,163,45,0.24854403409090908,2023-02-21
10t8xqd,0,163,163,13,0.0,2023-02-04
10lrizt,0,154,154,35,0.0,2023-01-26
11uv6vy,0,152,152,17,-0.5,2023-03-18
125igtu,0,151,151,45,0.0,2023-03-29
11bm36y,44,146,146,119,0.05,2023-02-25
10d9mxr,145,147,147,23,0.025000000000000005,2023-01-16
11xfdua,75,141,141,59,0.32037037037037036,2023-03-21
10a1fp1,155,140,140,15,0.002922077922077929,2023-01-12
10xtn7v,0,138,138,40,-0.3,2023-02-09
102aigm,0,139,139,11,0.0,2023-01-03
123sbtj,0,136,136,10,0.0,2023-03-27
11udv9y,94,136,136,69,0.517948717948718,2023-03-18
102xilz,0,135,135,20,0.0,2023-01-04
10jlxy6,0,135,135,57,0.4333333333333334,2023-01-23
105sciz,112,131,131,49,0.1782287157287157,2023-01-07
11t7qex,0,123,123,26,-0.025000000000000022,2023-03-16
11wuaiw,73,116,116,111,0.01458333333333333,2023-03-20
121w9wi,93,119,119,63,0.25625,2023-03-25
120l05i,13,117,117,108,0.0,2023-03-24
109yx68,0,113,113,0,0.0,2023-01-12
107etkc,47,113,113,101,0.3925925925925926,2023-01-09
11xe236,0,109,109,8,0.0,2023-03-21
126uzfo,78,108,108,68,0.3181818181818182,2023-03-30
10ee5yc,0,107,107,12,0.048611111111111126,2023-01-17
10u17c7,23,105,105,91,0.225,2023-02-05
11ls3pw,10,102,102,329,0.16190476190476188,2023-03-08
10s9ume,39,101,101,94,0.25,2023-02-03
108ce95,0,98,98,11,0.0,2023-01-10
10mt06d,34,98,98,17,0.027272727272727247,2023-01-27
121xq51,62,99,99,143,0.75,2023-03-25
11qjbut,3,98,98,7,0.15000000000000002,2023-03-13
10iuz3s,106,96,96,28,-0.06565656565656566,2023-01-22
11vjhf9,120,94,94,117,0.19610389610389609,2023-03-19
11b554x,29,93,93,163,0.2857142857142857,2023-02-24
124wbd6,86,97,97,66,0.23611111111111108,2023-03-28
11yvuqx,0,92,92,5,0.0,2023-03-22
112wumi,0,92,92,5,0.0,2023-02-15
10zzq3q,246,91,91,20,0.15853174603174602,2023-02-11
10hqtca,163,94,94,90,0.1465909090909091,2023-01-21
10nz4dh,24,92,92,19,0.04545454545454545,2023-01-29
126dtoo,20,90,90,31,0.5125,2023-03-30
10162yq,25,90,90,69,0.28409090909090906,2023-01-02
11q8das,0,88,88,14,0.0,2023-03-13
11kwwj2,0,92,92,36,0.0,2023-03-07
10vauos,66,87,87,38,0.14523809523809522,2023-02-06
11gssqx,23,87,87,91,0.26666666666666666,2023-03-03
10zdxyv,0,87,87,11,0.0,2023-02-11
11ciovg,0,85,85,14,0.0,2023-02-26
10406tm,0,85,85,10,-0.1875,2023-01-05
10pkflp,0,84,84,4,0.0,2023-01-31
10argg9,0,85,85,25,0.0,2023-01-13
11dlwbx,55,82,82,90,0.18333333333333335,2023-02-27
119xnr3,66,79,79,17,0.22402597402597405,2023-02-23
11s7rbq,5,81,81,130,0.5,2023-03-15
10iemrz,123,79,79,52,0.13592171717171714,2023-01-22
110q264,225,84,84,45,0.11166666666666668,2023-02-12
1032pzj,20,80,80,2,-0.30272727272727273,2023-01-04
1133jcc,69,80,80,36,-0.019999999999999997,2023-02-15
10yj2ab,54,77,77,28,0.4,2023-02-10
1091bem,131,76,76,36,0.14375,2023-01-11
10tepng,0,77,77,11,-0.45,2023-02-04
11vlq9n,27,73,73,43,-0.4431818181818182,2023-03-19
11hgkgd,59,72,72,22,-0.10000000000000003,2023-03-03
104vjdp,0,74,74,15,0.2,2023-01-06
102t6r3,60,74,74,50,0.17,2023-01-04
11p419j,0,74,74,17,0.0,2023-03-12
10ie2ro,573,71,71,43,0.09853556166056167,2023-01-22
10tei19,259,71,71,13,0.21041666666666664,2023-02-04
10rxert,0,72,72,43,0.6,2023-02-02
11c7v4n,55,71,71,35,0.14166666666666666,2023-02-26
10fxyym,0,71,71,4,0.0,2023-01-19
10979u5,0,73,73,19,0.2,2023-01-11
1034yjh,53,72,72,69,0.5571428571428572,2023-01-04
10x3nvq,0,71,71,7,0.0,2023-02-08
11rtnef,74,68,68,8,0.2947727272727273,2023-03-15
11aswpe,0,68,68,4,0.0,2023-02-24
1178nsv,0,67,67,6,0.43333333333333335,2023-02-20
112ze0t,0,67,67,75,0.04999999999999999,2023-02-15
10nakgt,23,69,69,45,0.5,2023-01-28
110biur,0,65,65,11,0.0,2023-02-12
11try6t,0,67,67,19,0.0,2023-03-17
110rseg,77,64,64,122,-0.02416666666666667,2023-02-12
10vu9co,72,62,62,11,-0.041666666666666664,2023-02-07
11kiy7k,82,62,62,10,-0.05590277777777779,2023-03-07
10qc2ku,230,63,63,13,-0.045804988662131514,2023-01-31
1210b2h,74,58,58,44,-0.1,2023-03-24
11faln7,0,59,59,44,0.0,2023-03-01
10b86kx,70,61,61,90,0.028571428571428574,2023-01-13
107olqy,0,61,61,37,0.041666666666666664,2023-01-09
123a6v6,40,59,59,37,0.275,2023-03-27
11r1c0d,0,64,64,19,-0.1,2023-03-14
11mu21e,0,57,57,12,0.0,2023-03-09
11egttn,20,62,62,17,0.35,2023-02-28
1115w1a,0,59,59,12,0.1,2023-02-13
10liabb,33,59,59,22,0.2889610389610389,2023-01-26
10ooik2,0,58,58,14,0.0,2023-01-30
122fvvc,0,55,55,21,0.1,2023-03-26
10w413j,0,57,57,0,0.0,2023-02-07
11pslt9,24,55,55,166,-0.18333333333333335,2023-03-12
11byr5t,0,55,55,34,0.0,2023-02-25
10uee0t,0,58,58,1,0.0,2023-02-05
114etcr,78,52,52,31,0.19999999999999998,2023-02-17
11jogkn,30,54,54,58,0.0037878787878787845,2023-03-06
11hguyz,26,55,55,42,0.35000000000000003,2023-03-03
115c47e,0,53,53,18,0.0,2023-02-18
122ter2,173,50,50,20,0.029095643939393935,2023-03-26
117qi4z,145,52,52,132,0.05952380952380953,2023-02-21
113qq3s,30,50,50,18,0.08727272727272725,2023-02-16
10x84ij,0,52,52,7,0.0,2023-02-08
10mzexd,0,53,53,18,0.13636363636363635,2023-01-27
10l5oxu,0,50,50,16,0.0,2023-01-25
1247heq,0,50,50,36,1.0,2023-03-28
11unjpq,88,52,52,41,0.03154761904761906,2023-03-18
10xo017,11,51,51,43,0.85,2023-02-09
10fiz9j,0,47,47,4,0.0,2023-01-18
11yr541,100,50,50,112,0.12467532467532468,2023-03-22
11ip2k7,0,49,49,7,0.0,2023-03-05
11mvp51,82,50,50,20,0.4,2023-03-09
10289at,0,47,47,5,-0.025000000000000022,2023-01-03
101mifi,66,50,50,56,0.5104761904761904,2023-01-02
125xsen,187,47,47,57,0.21341269841269842,2023-03-29
11vxr5r,169,44,44,4,0.15441919191919193,2023-03-19
10mg89m,148,49,49,21,0.2488095238095238,2023-01-27
109bgq0,0,47,47,18,-0.30000000000000004,2023-01-11
11f3yn1,11,46,46,41,0.23333333333333336,2023-03-01
11ejggq,131,46,46,83,0.041666666666666664,2023-02-28
10oa9eo,0,47,47,0,0.5,2023-01-29
11l0w5e,19,44,44,106,1.0,2023-03-07
10sr6xy,100,47,47,48,0.014285714285714285,2023-02-03
103q6fs,157,44,44,52,-0.20714285714285713,2023-01-05
10xluvj,0,42,42,3,0.0,2023-02-09
124bkjw,32,42,42,125,0.35,2023-03-28
11suzy8,37,41,41,14,0.1272727272727273,2023-03-16
11rh9c2,280,40,40,37,0.27252066115702483,2023-03-15
10qokd0,0,42,42,9,0.0,2023-02-01
10o661t,59,42,42,47,0.175,2023-01-29
10g6f59,51,42,42,22,-0.033928571428571426,2023-01-19
1265pf8,140,42,42,20,-0.007196969696969691,2023-03-30
11r65oy,140,42,42,17,-0.044318181818181826,2023-03-14
116y6mp,145,42,42,45,0.030555555555555548,2023-02-20
10zxytm,21,39,39,64,1.0,2023-02-11
10ytp9n,0,42,42,4,0.0,2023-02-10
10qnj0d,0,42,42,3,0.4,2023-02-01
11p6jru,16,39,39,20,1.0,2023-03-12
11a1k2n,0,43,43,9,0.0,2023-02-23
112ppbw,108,39,39,45,0.18821428571428572,2023-02-15
11yxedt,53,39,39,17,-0.16999999999999998,2023-03-22
10eduy3,64,39,39,60,0.22272727272727275,2023-01-17
108w73h,2,36,36,3,0.0,2023-01-11
10ii06w,101,37,37,48,0.1894667832167832,2023-01-22
10cvwt5,35,42,42,9,-0.19047619047619047,2023-01-15
101c4f1,0,36,36,2,0.0,2023-01-02
11f3dcf,0,40,40,8,0.0,2023-03-01
10q091d,166,39,39,11,0.18853754940711462,2023-01-31
1044m97,0,37,37,3,0.0,2023-01-05
117pc07,0,38,38,29,-0.15,2023-02-21
10nvmqf,73,36,36,79,-0.0069160997732426255,2023-01-29
10jjv8d,105,35,35,80,-0.15000000000000002,2023-01-23
11b7xeq,0,37,37,18,0.5,2023-02-25
115rf4g,120,32,32,10,0.07692307692307693,2023-02-18
1123tfn,0,37,37,20,0.1,2023-02-14
10yeype,79,35,35,34,-0.011458333333333334,2023-02-10
10fil7y,143,34,34,109,0.09259740259740257,2023-01-18
11ze56y,0,34,34,9,0.0,2023-03-23
11s2g4c,0,31,31,4,0.0,2023-03-15
11a5vxg,0,33,33,10,0.625,2023-02-23
113yhu8,145,32,32,19,0.2053333333333333,2023-02-16
10hzmjb,76,33,33,13,0.325,2023-01-21
10ake8m,40,35,35,26,0.39999999999999997,2023-01-13
109mm0s,15,35,35,69,0.0,2023-01-12
105fmm9,0,31,31,2,0.0,2023-01-07
12493x2,110,31,31,48,0.15625,2023-03-28
121afri,21,33,33,20,0.25,2023-03-25
11xtb2v,0,31,31,3,0.0,2023-03-21
10q4ohm,162,32,32,8,0.07371794871794873,2023-01-31
11nxtp9,19,27,27,2,0.29583333333333334,2023-03-10
11dald6,37,30,30,53,0.07878787878787878,2023-02-27
10ihyyu,0,33,33,22,0.0,2023-01-22
11tq6kr,0,29,29,12,0.05624999999999998,2023-03-17
11ftptf,117,31,31,36,-0.11562499999999999,2023-03-02
11bqllp,0,30,30,26,0.0,2023-02-25
10vz4xe,22,30,30,44,0.7333333333333334,2023-02-07
10pppqv,107,30,30,24,0.38875000000000004,2023-01-31
11gop7t,134,29,29,5,-0.13077731092436973,2023-03-03
1162zar,39,31,31,3,0.5,2023-02-19
114qial,248,28,28,9,0.13338908566181298,2023-02-17
10zy709,68,28,28,19,0.26607142857142857,2023-02-11
10c2i9f,40,30,30,50,0.1551948051948052,2023-01-14
1085h80,0,32,32,5,0.5,2023-01-10
105xaz3,114,29,29,48,0.09550264550264549,2023-01-07
100nvpo,586,28,28,19,0.08709415584415585,2023-01-01
11s1klp,120,27,27,16,0.10067460317460318,2023-03-15
11iid4c,39,26,26,42,0.0,2023-03-05
10vljkn,53,29,29,46,0.22857142857142856,2023-02-06
10u5eg9,39,27,27,72,0.06666666666666665,2023-02-05
109h27s,0,28,28,5,0.4,2023-01-11
106nc30,75,29,29,37,0.3714285714285714,2023-01-08
11oge4h,36,27,27,28,-0.016666666666666663,2023-03-11
100geoa,162,28,28,10,-0.026041666666666657,2023-01-01
1229j26,18,26,26,30,0.34772727272727266,2023-03-26
10lwu56,0,26,26,9,0.35,2023-01-26
10kkowl,0,28,28,0,0.0,2023-01-25
116a04q,145,24,24,5,0.14547558922558926,2023-02-19
10u9c5s,91,26,26,17,0.11496212121212121,2023-02-05
10qt8am,69,24,24,1,0.1,2023-02-01
10k7q7o,0,26,26,3,-0.1875,2023-01-24
10jbvpn,43,26,26,24,-0.08333333333333333,2023-01-23
11875cn,218,25,25,40,-0.09226190476190475,2023-02-21
10v3o2r,43,24,24,31,0.2589285714285714,2023-02-06
10qhygu,2,26,26,21,0.0,2023-02-01
10nsual,418,25,25,14,0.16089225589225592,2023-01-28
10mmk8k,112,24,24,23,0.003174603174603182,2023-01-27
10geoyn,43,24,24,9,0.10714285714285714,2023-01-19
10g1mb5,36,23,23,14,0.125,2023-01-19
10eqdum,40,25,25,24,0.04659090909090909,2023-01-17
105vrzx,295,24,24,23,0.17752649649201374,2023-01-07
10407fh,0,24,24,0,0.0,2023-01-05
120fbwf,127,21,21,5,0.060416666666666674,2023-03-24
11suzg7,250,23,23,34,0.18114512471655334,2023-03-16
119kjvl,0,21,21,9,0.0,2023-02-23
10r0oub,713,23,23,6,-0.0018430335097001686,2023-02-01
10mi7cq,0,23,23,1,0.0,2023-01-27
10hk6sh,1,24,24,3,0.0,2023-01-21
10e0zkh,169,23,23,26,-0.075,2023-01-17
10233xz,50,23,23,13,-0.03333333333333333,2023-01-03
125qr4o,0,22,22,4,0.0,2023-03-29
10y2tif,109,23,23,4,0.16818181818181818,2023-02-09
10rwmjq,163,22,22,11,0.2034313725490196,2023-02-02
10nnaoq,85,22,22,14,-0.04318181818181818,2023-01-28
10nn61n,63,22,22,30,0.09375,2023-01-28
10ex5tt,61,21,21,4,-0.012499999999999997,2023-01-18
10bg6g3,83,22,22,28,0.34285714285714286,2023-01-14
10618ij,0,21,21,4,0.6071428571428571,2023-01-07
11xfcxc,130,21,21,5,0.11160714285714286,2023-03-21
11k78iz,137,20,20,26,0.0017857142857142794,2023-03-06
10y0xj5,0,25,25,61,-0.4,2023-02-09
10varos,0,21,21,0,0.0,2023-02-06
10tlm6o,96,21,21,32,0.10648148148148148,2023-02-04
10mrfr0,247,23,23,17,-0.0014492753623188402,2023-01-27
10ksuo4,149,21,21,12,0.09166666666666666,2023-01-25
1059q9n,59,21,21,25,0.4777777777777778,2023-01-06
123j9sn,34,21,21,12,0.1,2023-03-27
123hogf,69,19,19,10,0.034090909090909075,2023-03-27
11zkvd8,0,19,19,11,0.0,2023-03-23
11xswv0,67,20,20,22,0.08979591836734695,2023-03-21
11g8ikp,27,19,19,2,-0.11428571428571428,2023-03-02
10panfs,19,21,21,33,0.3,2023-01-30
10fij86,283,20,20,15,0.16050830889540563,2023-01-18
